"Product_Name","Category","Manufacturer","Function_Type","Logic_Supply_Voltage","Communication_Interface","Key_Specifications","Estimated_Price_USD","Supplier_Source_URL","Origin_Supply_Chain"
"Adafruit Sensirion SHT45 Precision Temp & Humidity Breakout (STEMMA QT)","Sensor","Adafruit / Sensirion","Environmental (Temperature & Humidity)","3.3V - 5V DC","I2C (STEMMA QT / Qwiic)","±1.0% RH accuracy, ±0.1°C temp accuracy, NIST traceable, fast 4ms response",14.95,"https://www.adafruit.com/category/57","Switzerland / USA (NATO Ally)"
"Adafruit Sensirion SHT40 Temperature & Humidity Sensor Breakout","Sensor","Adafruit / Sensirion","Environmental (Temperature & Humidity)","3.3V - 5V DC","I2C (STEMMA QT / Qwiic)","±1.8% RH accuracy, ±0.2°C temp accuracy, low power consumption",5.95,"https://www.adafruit.com/category/57","Switzerland / USA (NATO Ally)"
"Adafruit Bosch BME280 Temp, Humidity & Pressure Sensor Breakout","Sensor","Adafruit / Bosch Sensortec","Environmental Barometric & Weather","3.3V - 5V DC","I2C / SPI (STEMMA QT)","Pressure: 300-1100 hPa (±1 hPa), Temp: -40 to 85°C (±1°C), Humidity: 0-100% (±3%)",19.95,"https://www.adafruit.com/category/57","Germany / USA (NATO Ally)"
"Adafruit Bosch BME688 AI Gas, Pressure, Humidity & Temp Sensor","Sensor","Adafruit / Bosch Sensortec","Environmental Gas, VOC & Air Quality","3.3V - 5V DC","I2C / SPI (STEMMA QT)","BME AI Studio software trained VOC/VSC gas scanner, barometric altimeter, hygrometer",19.95,"https://www.adafruit.com/category/57","Germany / USA (NATO Ally)"
"Adafruit 9-DOF Orientation IMU Fusion Breakout - BNO085 (BNO080)","Sensor","Adafruit / CEVA Hillcrest Labs","Inertial Measurement Unit (IMU / AHRS)","3.3V - 5V DC","I2C, SPI, UART (STEMMA QT)","3-axis Accelerometer, 3-axis Gyroscope, 3-axis Magnetometer, ARM Cortex-M0+ sensor fusion coprocessor",19.95,"https://www.adafruit.com/category/57","USA (Domestic NATO)"
"Adafruit 9-DOF Absolute Orientation IMU - BNO055","Sensor","Adafruit / Bosch Sensortec","Absolute Orientation (IMU Fusion)","3.3V - 5V DC","I2C / UART (STEMMA QT)","Output Quaternions, Euler angles, Rotation Vector, Linear acceleration, Gravity vector at 100Hz",29.95,"https://www.adafruit.com/category/57","Germany / USA (NATO Ally)"
"Adafruit VL53L4CX Time of Flight Distance Sensor (Up to 6m)","Sensor","Adafruit / STMicroelectronics","Laser Distance / Optical LiDAR","3.3V - 5V DC","I2C (STEMMA QT / Qwiic)","940nm VCSEL laser emitter, SPAD array receiver, multizone ranging up to 6000mm (6m)",14.95,"https://www.adafruit.com/category/57","France / Italy / USA (NATO Ally)"
"Adafruit VL53L1X Time of Flight Long Range Distance Sensor (4m)","Sensor","Adafruit / STMicroelectronics","Laser Distance / Optical LiDAR","3.3V - 5V DC","I2C (STEMMA QT / Qwiic)","Up to 4000mm (4m) distance sensing, up to 50Hz ranging frequency, programmable FOV",14.95,"https://www.adafruit.com/category/57","France / Italy / USA (NATO Ally)"
"Adafruit VL53L4CD Time of Flight Short Range Sensor (1.3m)","Sensor","Adafruit / STMicroelectronics","High-Speed Proximity & Distance","3.3V - 5V DC","I2C (STEMMA QT / Qwiic)","High speed up to 100Hz ranging rate, 1mm to 1300mm range, ambient light immunity",9.95,"https://www.adafruit.com/category/57","France / Italy / USA (NATO Ally)"
"Adafruit AS7341 10-Channel Spectral Light / Color Sensor Breakout","Sensor","Adafruit / ams OSRAM","Optical / Spectral Color Sensing","3.3V - 5V DC","I2C (STEMMA QT / Qwiic)","8 optical channels spanning visible spectrum (415nm to 680nm) + 1 Clear + 1 Near-IR (NIR)",15.95,"https://www.adafruit.com/category/57","Austria / USA (EU / Allied)"
"Adafruit APDS9960 Digital Proximity, Light, RGB & Gesture Sensor","Sensor","Adafruit / Broadcom","Gesture & Proximity Sensor","3.3V - 5V DC","I2C (STEMMA QT / Qwiic)","Touchless gesture recognition (up/down/left/right), ambient light and RGB color detection, IR proximity",7.50,"https://www.adafruit.com/category/57","USA (Domestic NATO)"
"Adafruit AS5600 Magnetic Rotary Angle Encoder Breakout","Sensor","Adafruit / ams OSRAM","Magnetic Contactless Angle Sensor","3.3V - 5V DC","I2C / Analog / PWM (STEMMA QT)","12-bit high-resolution 360° frictionless contactless magnetic position & angle measurement",5.95,"https://www.adafruit.com/category/57","Austria / USA (EU / Allied)"
"Adafruit I2S MEMS Microphone Breakout (SPH0645LM4H)","Sensor","Adafruit / Knowles","Audio / Acoustic Sensor","3.3V DC","I2S Digital Audio","50Hz - 15KHz frequency response, digital I2S output (24-bit data), low noise floor SNR 65dB",6.95,"https://www.adafruit.com/category/57","USA (Domestic NATO)"
"Adafruit ICS-43434 I2S Digital MEMS Microphone Breakout","Sensor","Adafruit / TDK InvenSense","Audio / Acoustic Sensor","1.8V - 3.3V DC","I2S Digital Audio","65 dBA SNR, -26 dBFS sensitivity, low current 490 uA, bottom port MEMS",6.95,"https://www.adafruit.com/category/57","Japan / USA (Allied)"
"Adafruit AMG8833 Grid-EYE 8x8 IR Thermal Camera Breakout","Sensor","Adafruit / Panasonic","Thermal / Infrared Array Imaging","3.3V - 5V DC","I2C (STEMMA QT / Qwiic)","8x8 (64 pixel) infrared thermal grid, temperature range 0°C to 80°C (±2.5°C), 10Hz frame rate",44.95,"https://www.adafruit.com/category/57","Japan / USA (Allied)"
"Adafruit MLX90614 Non-Contact Infrared Temperature Sensor","Sensor","Adafruit / Melexis","Contactless Thermometry","3.3V - 5V DC","I2C / SMBus","Object temp -70°C to +382.2°C with 0.02°C resolution, 90° FOV, factory calibrated",15.95,"https://www.adafruit.com/category/57","Belgium / USA (NATO Ally)"
"Adafruit INA219 High Side DC Current & Power Sensor Breakout","Sensor","Adafruit / Texas Instruments","Current, Voltage & Power Monitor","3.3V - 5V DC","I2C (STEMMA QT / Qwiic)","Measures high side DC voltage up to +26VDC, max ±3.2A current with 0.8mA resolution",9.95,"https://www.adafruit.com/category/57","USA (Domestic NATO)"
"Adafruit INA260 Precision Digital Current & Power Monitor","Sensor","Adafruit / Texas Instruments","Precision Power & Current","3.3V - 5V DC","I2C (STEMMA QT / Qwiic)","Integrated precision shunt resistor (0.1%), 0-36V, measures up to 15A continuous current",9.95,"https://www.adafruit.com/category/57","USA (Domestic NATO)"
"Adafruit MCP9808 High Accuracy I2C Temperature Sensor Breakout","Sensor","Adafruit / Microchip Technology","Precision Temperature","2.7V - 5.5V DC","I2C (STEMMA QT / Qwiic)","±0.25°C typical accuracy from -40°C to +125°C, user-programmable alert temperature limits",4.95,"https://www.adafruit.com/category/57","USA (Domestic NATO)"
"Adafruit TSL2591 High Dynamic Range Digital Light Sensor","Sensor","Adafruit / ams OSRAM","Precision Ambient Lux Sensor","3.3V - 5V DC","I2C (STEMMA QT / Qwiic)","600M:1 dynamic range, 188 uLux to 88,000 Lux sensitivity, separate IR and full-spectrum photodiodes",6.95,"https://www.adafruit.com/category/57","Austria / USA (EU / Allied)"
"Raspberry Pi Compute Module 4 (CM4108032 - 8GB RAM, 32GB eMMC, Wi-Fi)","SOM / Embedded Compute","Raspberry Pi Ltd","SoM / Microprocessor System-on-Module","5.0V DC (via carrier)","Dual 100-pin Hirose DF40 (PCIe, HDMI, GbE, USB 2.0, CSI, DSI, GPIO)","Quad-core ARM Cortex-A72 (BCM2711) @ 1.5GHz, 8GB LPDDR4, 32GB eMMC, dual-band Wi-Fi/BT 5.0",85.00,"https://www.digikey.com/en/products/filter/microcontroller-microprocessor-fpga-som-modules/721","United Kingdom (NATO Ally)"
"Raspberry Pi Compute Module 4 Lite (CM4004000 - 4GB RAM, Lite, Wi-Fi)","SOM / Embedded Compute","Raspberry Pi Ltd","SoM / Microprocessor System-on-Module","5.0V DC (via carrier)","Dual 100-pin Hirose DF40 (PCIe, GbE, USB, GPIO, CSI, DSI)","Quad-core ARM Cortex-A72 @ 1.5GHz, 4GB LPDDR4, external MicroSD boot, 2.4/5GHz Wi-Fi",45.00,"https://www.digikey.com/en/products/filter/microcontroller-microprocessor-fpga-som-modules/721","United Kingdom (NATO Ally)"
"NVIDIA Jetson Orin Nano Developer SOM Module (8GB)","SOM / AI Accelerator","NVIDIA Corporation","AI Vision & Edge Robotics SoM","5V - 20V DC","260-pin SO-DIMM (PCIe Gen3, USB 3.2, GbE, MIPI CSI-2, UART, SPI, I2C)","6-core ARM Cortex-A78AE v8.2, 1024-core NVIDIA Ampere GPU with 32 Tensor Cores, 40 TOPS AI compute, 8GB 128-bit LPDDR5",249.00,"https://www.digikey.com/en/products/filter/microcontroller-microprocessor-fpga-som-modules/721","USA / Taiwan (NATO / Allied)"
"NVIDIA Jetson Orin NX 16GB SOM Module","SOM / AI Accelerator","NVIDIA Corporation","AI Robotics Supercomputer SoM","5V - 20V DC","260-pin SO-DIMM (PCIe Gen4, USB 3.2, 10GbE, MIPI CSI-2, CAN)","8-core ARM Cortex-A78AE, 1024-core Ampere GPU + 32 Tensor Cores + 2x NVDLA engines, 100 TOPS AI compute, 16GB LPDDR5",599.00,"https://www.digikey.com/en/products/filter/microcontroller-microprocessor-fpga-som-modules/721","USA / Taiwan (NATO / Allied)"
"Google Coral Edge TPU SoM (System-on-Module)","SOM / AI Accelerator","Google / ASUS","Edge AI Inferencing SoM","5.0V DC","200-pin board-to-board connector (USB, PCIe, I2C, SPI, GPIO)","NXP i.MX 8M SoC (Quad Cortex-A53 + Cortex-M4F) + Google Edge TPU coprocessor (4 TOPS @ 0.5W/TOPS), 1GB/2GB LPDDR4",114.99,"https://www.digikey.com/en/products/filter/microcontroller-microprocessor-fpga-som-modules/721","USA (Domestic NATO)"
"BeagleBoard BeagleCore BCM1 Industrial SOM Module","SOM / Embedded Compute","BeagleBoard.org","Industrial Linux SoM Module","3.3V / 5V DC","LGA solder-down pins (GPIO, UART, SPI, I2C, CAN, Ethernet MII, USB)","TI Sitara AM3358 (ARM Cortex-A8 @ 1GHz), 512MB DDR3, 4GB eMMC 8-bit, 2x PRU 32-bit realtime coprocessors",69.00,"https://www.digikey.com/en/products/filter/microcontroller-microprocessor-fpga-som-modules/721","USA / Germany (NATO Ally)"
"Digi International ConnectCore 8M Mini SOM Module","SOM / Industrial IoT","Digi International","Industrial MPU System-on-Module","3.3V - 5.0V DC","LGA 245-pad surface mount","NXP i.MX 8M Mini Quad (4x Cortex-A53 @ 1.6GHz + 1x Cortex-M4), 8GB eMMC, 1GB LPDDR4, dual-band Wi-Fi 5 + BT 5.0, crypto element",98.00,"https://www.digikey.com/en/products/filter/microcontroller-microprocessor-fpga-som-modules/721","USA (Domestic NATO)"
"AMD Xilinx Kria K26 System-on-Module (FPGA / MPSoC)","SOM / FPGA MPSoC","AMD Xilinx","Adaptive FPGA + Vision AI SoM","5.0V DC","Dual 240-pin slim connectors (PCIe Gen2, 4x 10GbE, MIPI, SLVS-EC, USB 3.0, 1.4M logic cells)","Zynq UltraScale+ MPSoC (Quad Cortex-A53 @ 1.5GHz + Dual Cortex-R5F + Mali-400 GPU + 256K System Logic Cells + 1.4 TOPS AI)",279.00,"https://www.digikey.com/en/products/filter/microcontroller-microprocessor-fpga-som-modules/721","USA (Domestic NATO)"
"Microchip ATSAMA5D27-SOM1 System-on-Module","SOM / Embedded Compute","Microchip Technology","Secure Industrial ARM MPU SoM","3.3V DC","Dual castellated & solder pads (Ethernet PHY, CAN, USB, SPI, I2C, QSPI, Audio)","ARM Cortex-A5 @ 500MHz, 128MB DDR2, 64MB QSPI Flash, ATECC508A cryptographic secure hardware engine, 10/100 Ethernet PHY",45.50,"https://www.digikey.com/en/products/filter/microcontroller-microprocessor-fpga-som-modules/721","USA (Domestic NATO)"
"Toradex Colibri iMX6ULL SOM (512MB RAM, 4GB eMMC, Wi-Fi)","SOM / Low Power MPU","Toradex","Low-Power Industrial ARM SoM","3.3V DC","200-pin SODIMM edge connector (Ethernet RMII, USB 2.0 OTG, 2x CAN, 4x I2C, 4x SPI, 8x UART)","NXP i.MX 6ULL (ARM Cortex-A7 @ 800MHz), 512MB DDR3L, 4GB eMMC, Wi-Fi & Bluetooth, hardware crypto engine",52.00,"https://www.digikey.com/en/products/filter/microcontroller-microprocessor-fpga-som-modules/721","Switzerland / USA (Allied)"
"Espressif ESP32-S3-WROOM-1-N16R8 SOM Module","SOM / Microcontroller Module","Espressif Systems","Wireless Dual-Core MCU Module with AI Vector Ext.","3.0V - 3.6V DC","Surface Mount Castellated Pads (GPIO, SPI, LCD interface, Camera DVP, UART, I2C, I2S, ADC, Touch)","Xtensa 32-bit LX7 dual-core @ 240MHz with vector instructions for NN acceleration, 16MB Flash, 8MB PSRAM, 2.4GHz Wi-Fi & BLE 5.0",4.20,"https://www.digikey.com/en/products/filter/microcontroller-microprocessor-fpga-som-modules/721","Fabless / Global Distribution"
"Teensy 4.1 SOM Microcontroller Board (NXP i.MX RT1062)","SOM / Microcontroller Board","PJRC","Ultra-Fast Real-Time Microcontroller","3.3V (5V tolerant power input)","DIP 48-pin / SMT pads (10/100 Ethernet PHY, USB Host, 3x CAN bus, 8x Serial, 3x SPI, 3x I2C, 35x PWM)","ARM Cortex-M7 @ 600MHz (up to 1GHz overclock), 1024KB RAM (512KB tightly coupled TCM), 8MB Flash, MicroSD card socket",32.50,"https://www.digikey.com/en/products/filter/microcontroller-microprocessor-fpga-som-modules/721","USA (Domestic NATO)"
"Parallax Cyber:bot Robot Kit with micro:bit (Full Robotics Platform)","Robot Kit / Platform","Parallax Inc.","Complete Educational Mobile Robot Platform with Microcontroller & Breadboard","6V - 9V DC (5x AA battery pack) / 3.3V logic","I2C, SPI, UART, PWM servo headers, 400 tie-point mini breadboard, micro:bit edge connector","Combines BBC micro:bit + Parallax Propeller 8-core multicore coprocessor onboard, 2x High Speed Feedback 360° Continuous Servos, aluminum chassis, ball caster",229.00,"https://www.parallax.com/product/cyberbot-robot-kit-with-microbit/","USA (Domestic NATO)"
"Parallax BBC micro:bit v2 Module (Cyber:bot Controller)","Controller / Module","BBC / micro:bit Educational Foundation","Primary Classroom & Robotics Controller","3.3V DC (Edge Connector / Battery / USB)","25-pin edge connector, 2.4GHz micro:bit Radio / BLE 5.0, I2C, SPI","Nordic nRF52833 (64MHz ARM Cortex-M4 with FPU), 512KB Flash, 128KB RAM, 5x5 red LED matrix display, 2 programmable buttons, MEMS microphone, touch sensor, onboard speaker",21.00,"https://www.parallax.com/product/cyberbot-robot-kit-with-microbit/","United Kingdom (NATO Ally)"
"Parallax cyber:bot Board with Propeller Multicore Coprocessor","Controller Carrier / Co-Processor","Parallax Inc.","Robotics Interface Board & Servo/Sensor Coprocessor","6 - 15V DC power jack / 5V & 3.3V regulated rails","micro:bit 80-pin edge connector socket, 8-channel servo headers, 400-tie breadboard, I2C, SPI","Parallax P8X32A Propeller 8-cog multicore microcontroller offloads real-time motor PID velocity control and sensor pulse timing from micro:bit",89.00,"https://www.parallax.com/product/cyberbot-robot-kit-with-microbit/","USA (Domestic NATO)"
"Parallax Ping))) Ultrasonic Distance Sensor (#28015)","Sensor","Parallax Inc.","Ultrasonic Rangefinder (2cm to 3m)","5V DC","Single 3-pin I/O Header (Trigger/Echo SIG pulse pin)","Accurate non-contact distance measurement from 2cm to 300cm (0.8 in to 10 ft), burst indicator LED, narrow acceptance angle",32.95,"https://www.parallax.com/product/cyberbot-robot-kit-with-microbit/","USA (Domestic NATO)"
"Parallax LaserPING 2m Rangefinder Sensor (#28041)","Sensor","Parallax Inc.","Time-of-Flight Laser Distance Sensor","3.3V - 5V DC","Single pin PWM pulse or asynchronous serial UART (9600 baud)","Near-infrared laser ToF ranging from 2cm up to 200cm (2m), co-located visible red target laser spot, ambient light compensation",34.95,"https://www.parallax.com/product/cyberbot-robot-kit-with-microbit/","USA (Domestic NATO)"
"Parallax Whisker Contact Touch Sensor Assembly (Cyber:bot Pack)","Sensor","Parallax Inc.","Mechanical Tactile Obstacle Bumpers","3.3V / 5V Logic Pull-Up","Digital GPIO Switch Contact to Ground (Left & Right 2-wire circuits)","Dual mechanical spring whiskers mounted with 3-pin headers and standoffs for hardware collision detection, interrupt responsive",6.50,"https://www.parallax.com/product/cyberbot-robot-kit-with-microbit/","USA (Domestic NATO)"
"Parallax Infrared Obstacle Emitter & Receiver Pair (38kHz)","Sensor","Parallax Inc.","Active Infrared Proximity & Object Detection","3.3V - 5V DC","GPIO modulated PWM transmit + Active-Low receiver pin","Dual 940nm IR LEDs with shielding shields + matched 38kHz IR receiver phototransistors for contactless left/right obstacle detection",8.95,"https://www.parallax.com/product/cyberbot-robot-kit-with-microbit/","USA (Domestic NATO)"
"Parallax Phototransistor Light Sensor Pair (#350-00029)","Sensor","Parallax Inc.","Visible Light & Photometry Sensor","3.3V - 5V DC (with RC decay circuit)","Analog RC time decay measurement via digital GPIO","Matched phototransistors with 850nm peak sensitivity sensitive to visible spectrum for light tracking, flashlight follower, or shadow evasion algorithms",4.50,"https://www.parallax.com/product/cyberbot-robot-kit-with-microbit/","USA (Domestic NATO)"
"Parallax QTI Line Follower Sensor Module (#555-27401)","Sensor","Parallax Inc.","Reflective Optical Surface & Line Sensor","3.3V - 5V DC","Digital RC decay pulse pin","Infrared emitter & phototransistor matched pair in compact housing for black/white line following, edge-of-table cliff detection, surface distinction",6.50,"https://www.parallax.com/product/cyberbot-robot-kit-with-microbit/","USA (Domestic NATO)"
"Parallax Feedback 360° High Speed Continuous Rotation Servos (#900-00360)","Actuator / Closed-Loop Sensor","Parallax Inc.","Closed-Loop Hall Effect Angular Servo","5V - 6V DC","Standard 3-pin PWM command + 4th wire Hall-effect PWM feedback pulse","Internal Hall effect magnetic angle sensor providing 360° absolute position feedback, max speed 140 RPM @ 6V, 2.5 kg-cm torque",24.95,"https://www.parallax.com/product/cyberbot-robot-kit-with-microbit/","USA (Domestic NATO)"
